,ridge,lasso,RF,GBT
R-squared,0.235,0.234,0.242,0.117
RMSE,0.145,0.145,0.145,0.156
Pearson,0.5068577016246663,0.5057980986986321,0.5303396490901682,0.4079841856733755
Cindex,0.64,0.64,0.65,0.62
